Conversation ID,Full Text,Author Handle,Author Name,Likes,Replies,Retweets,Tweet URL,Posted At,Scraped At
2085626329014399006,"KABAR GEMBIRANYA
RUPIAH KITA MENGUAT LOH

masak share hanya saat rupiah melemah, nyalahin pemerintah lah, gini lah.

pkoknya skrg rupiah menguat

BTW INI FREE AKSES YAH
https://t.co/mjYNlIJOg8
$ihsg $bbca $bumi
#rupiah #indonesia #dollar https://t.co/qf9WVZS9Ys",chamdan4,chamdani ashoka,0,0,0,https://x.com/chamdan4/status/2085626329014399006,2026-08-07T07:17:20.000Z,2026-08-07T14:45:39.310Z
2085521326421495887,"Memilih saham perbankan blue-chip bukan hanya melihat seberapa besar ukurannya, tapi seberapa efisien mereka mengolah pendapatan menjadi laba bersih.
​Mari kita bedah contoh riil fundamental mikro pada saham $BBCA. A thread/utas edukasi 🧵👇",ArkanStrategika,Arkan,0,1,0,https://x.com/ArkanStrategika/status/2085521326421495887,2026-08-07T00:20:05.000Z,2026-08-07T14:45:39.310Z
2085510626873663590,$bbca,Leemy45,Bull bull 😩,0,0,0,https://x.com/Leemy45/status/2085510626873663590,2026-08-06T23:37:35.000Z,2026-08-07T14:45:39.310Z
2085370378512420959,"Grup Djarum memang cuma bisa ngurusin $BBCA doang

Sisanya ancur semua
$RANC $BELI $BACH $TOWR $DATA https://t.co/LvvskWd2ME",saptaipb,sapte,169,16,10,https://x.com/saptaipb/status/2085370378512420959,2026-08-06T14:20:17.000Z,2026-08-07T14:45:39.310Z
2084997887537418350,"@republik_partai @bangherwin $BBCA dah over value,alias kemahalan...mending $BBNI $BJTM masih undervalue PBV nya di bawah 1,deviden per saham 10% lebih....",bayoubeka,Bayoubeka,0,0,0,https://x.com/bayoubeka/status/2085346684666888319,2026-08-06T12:46:08.000Z,2026-08-07T14:45:39.310Z
2085258217773494608,"Ternyata KALBE (KLBF) juga menjadi salah satu Emiten yang di miliki oleh Pemerintah Norwegia.

Berikut List Emiten Saham yang dimiliki pemerintah Norwegia

Danm terbesar nya di sektor perbankan
$BBCA https://t.co/QMQOZQxEPe",sirbramzz,Bramzzz,5,0,1,https://x.com/sirbramzz/status/2085258217773494608,2026-08-06T06:54:35.000Z,2026-08-07T14:45:39.310Z
2085037446614618384,"niat buat DCA di IHSG. Sejauh ini yang masuk watchlist: $BBCA, $BBRI, $BMRI, dan $TLKM,

menurut kalian mana yang paling menarik buat jangka panjang?",portgasdluci,Luci,1,0,0,https://x.com/portgasdluci/status/2085037446614618384,2026-08-05T16:17:20.000Z,2026-08-07T14:45:39.310Z
2084935559336903076,"pasti banyak yang cutlos di bottom kemaren waktu juni -juli
gw ada yang cutloss $BBCA di 5000 
karna fear stream SB https://t.co/h7QPmpQ1bw",LambeSahamjja,Lambe Saham,57,9,6,https://x.com/LambeSahamjja/status/2084935559336903076,2026-08-05T09:32:28.000Z,2026-08-07T14:45:39.310Z
2084628408936599822,"Besok $BBCA mau nguji resisten lagi

Breakout lahh gass 🚀🚀 https://t.co/9xV9EhgjeX",saptaipb,sapte,47,15,1,https://x.com/saptaipb/status/2084628408936599822,2026-08-04T13:11:57.000Z,2026-08-07T14:45:39.310Z
2084613401662361856,"asing net buy hari ini yg dibeli $BBCA $BMRI $BBRI
$EIDO  bakal bagus nih malam ini https://t.co/00gqH7fg4l",TradingDiary2,"Chart Investor Saham IHSG,USA,Crypto",28,4,3,https://x.com/TradingDiary2/status/2084613401662361856,2026-08-04T12:12:19.000Z,2026-08-07T14:45:39.310Z
